address,tokenid,amount
0x33eBBBF31bFbFdD116daEfDC69a26EB97955Bf7C,1,15
0x65e6AE7412a55EE6c02A51c3674983dF5a74069A,2,45
0x50D063BC623837746e4CB681Dc33D5D7B4b6dAdA,3,68
0x8fe90a76f964fD3596cFFd80C5d17A5896c513a4,4,43
0xcf68D61751624C78F2aB3D31AB2d1b81A7dAF0b6,5,131
0x46aa3385791eE57d0659EA55c335FFd9432f0CBA,6,105
0xDfc4e22761A5dc5bcC1638604652CC370976a251,7,98
0xFdB9F14121d261CC5EC13c498aE6f6da515F0E03,8,133
0x2Dae02Ad43e99E172B1e10Cb4abE0F90D424117c,9,129
0x3A3A8EdB21EEd2029DcD38194BAd4d166166cF39,10,28
0xCA4791Bb624D395908C52895FD4d0B49724Df334,11,108
0x8D2473FfF37e4984DbeD2c541e91159533206c1F,12,143
0xdCd9d7c58267244170A835a2489dB37647120B13,13,187
0xA1548152f0F75F7ECCD057Bd2B4512FE5C5601A3,14,389
0x785F8E8180d28bA7FFc7D2a7925A287537240d84,15,84
0x0d704c1dc237f119967F2038b78E6f001B3b180d,16,384
0x27845d90C8663359093B900d335E4007471bA495,17,104
0xD1175795ed25325B1624b593f327239730aFb1A5,18,15
0x082ac97f978292788Dfef003a4cEFd84cc25e5eC,19,226
0x5D06D1c85DbBf8bCAF5c3ac69D873f6AcC8004B3,20,388
0x3b69C3DB06C507FcC464Ef0F74bcA7ee3eebaA70,21,237
0x484eB0B6274d7Bb17397D4eE8585f9EfaC3FbFfA,22,634
0xea48b5aF638E884335b8d2753dc2bcfaEFb62991,23,596
0xA818D68d768c666039C46e4F6F7550E53847539d,24,332
0xe80B73bdfd6E8FCCd8123e48595ecEcaE3774fE8,25,208
0xD1BF2d05Ee3c8Ae76296fCe2cAaB2E3614069d19,26,282
0x1Fa5C24A511c4a507dfB7D9d6df193dD7Ea9B09a,27,561
0x2F444582d120E66d526A3B22Cb75bB9a1A9F0748,28,801
0x703504F8f40C0ed1873f1c308185d4503dA1c86D,29,327
0x2f2996D4A67cb4d2917770FC6b9150549D9F91f7,30,274
0x6f93050E655ebED08Dca9D37969E2cD8cedaADbB,31,154
0xD7694D0f1B73aAD9F96927D1471c813315e510F3,32,760
0x3C7f1BA5cB2142e04e5BfF787968A03C6Afa7B88,33,47
0x93B30684D5188dE4fef6ff27874806810ACA1B5e,34,357
0x3e5834d7d76aae18a5f6d52a706F4B75Fcffa1C6,35,587
0x62cc45ca681FD7Dfa910BCDfBBab4F26E7795859,36,443
0xeC86642D0B9e20E1ACE0559D8933828f7B6df5D5,37,659
0x5F2b67e4FA3a8dA14Dc253f06EC7A967b1516306,38,181
0x32d3963662D54acA5cf380852655690667831F50,39,107
0x17E145eB623d010CE6D26FaE93E9417e9D48960e,40,842
0x0454807C15529e04df3eA3B73986ECE128508c11,41,594
0xC876D16455C68A68A306a17bD3c0ad4C08f44Da1,42,460
0xC35189034CF61f57932fBc31557A513931137564,43,1135
0x2e7026761CD6726Ee25f458663946f1ef87e70D8,44,606
0x67AeC40163820903c379aF473BE98f5bc1D8D19f,45,114
0x56F138480da9F67bCD47aF7785447aC4FedB4659,46,295
0xb7eeDF962d4B9AE4013F0fF65DC0DA9cBCeEfB4c,47,380
0x2078f401Ef4d5fE49802342935Ca71D891aB9379,48,387
0x57F9c6a1751EA46dd45A7F9caBBcb34fecCE88F7,49,1417
0xc3eCE2525827D951cD1f45861ae27f5d38ed5382,50,715
0xd7Be8e82D24e33230CC3634f7ffEAf7563da8D56,51,355
0x0193A419e95798D0893724BecaA2A7617265E84a,52,1143
0xF754ecEf7B794c19E6723BF9ef2250531F9eA58a,53,509
0x4a1DE13874Ecd1c01eBe65e132663788465090d5,54,1056
0x79FbE986afB0660B3D2b34F2F093CCe9Bd2793aE,55,704
0x5d02ecca28a89B9AeAe62F1AfADF41D7eb719f02,56,169
0x745eAB1507fAFb9E7d6A4619DA9b07DE0f075c68,57,1616
0x0df0111b30018d2D07aB395466CDa5cb0e3028F6,58,399
0x61FF611a62b671A301254a71E296dA7fe217E0f0,59,456
0x5B068daED5D7F85488E0069fFeeC7E6A9E74BBAc,60,1775
0x57BAF9560072Ec8FE94fb5ba717bF4C165607879,61,768
0x34Fd822Dd07dDC0E1691a8DDAAbd4746cdc582A4,62,241
0xFdd253ce60C766284C365e810148057156DAd1a7,63,790
0xd9923bf05f24f02936C7042b12bdeb59b24d8b4C,64,667
0x9d94f67bAC341682Da7838747FB8DAB127567aB6,65,476
0x6fC9f95A91D6cF40be61797A09CFbf329DA0579d,66,750
0xDe0f5DE224E8B94D8aa363a737dF20f674c15C14,67,1194
0x33eed1d165949fbec44b4a7250836E741297f18C,68,657
0x51E8E6788EfaA90aDF18Ac63B29AE711E6D7f35e,69,2049
0x9d38c00f9D512bD3Eef7F22F777f6b0E4a5F6247,70,1267
0x89dbbc39f060C11397b960B4210b659D2a8eDF9A,71,1474
0x217cCca2e986e3eE632Aa69A8792109BaaABF979,72,930
0xaBd02cafDC44D9C34c814f9c9F9882b6Ea456877,73,1219
0x6eBf5e5a4F7700F1AC4Df113FbB8c8a4B613332c,74,17
0xD4A779988FEB4DDBA527B8ed637AdDE0BEC75301,75,710
0xf2b5Bc22e1803CFB49AC59D42D48400Dd37d5ABE,76,1661
0x1C25e25DFAF3BFCc2EBA86a32179BE7778e89bd4,77,687
0x72CFe832B129Fe55070Fb583CE8c19717Fc7c036,78,1034
0xe8A43B7d68ED8Ff1Bd2a15bBbF1707B33C82e782,79,1322
0x22774893c42E74cAFBF11Cc11A9F7b64b051B814,80,728
0x3F877313df9bb4ef695677841998Bf9f7A4b1425,81,1668
0x9EDB3a1a8aE20e754856FE3F1401852c619bCB74,82,2374
0x6e2feDD3c77692A711e8E2e521b8d52Bd51a3973,83,2453
0x857dFd8259392d69B173989872eAe46e30d92F40,84,924
0x661621a3D5a631c2E303Ec3097F4624eaB508252,85,1130
0xCe9F9C23b8540d9ad8338dC2D8ddCFd60E382109,86,1022
0x2b958618ddB78de8D6D74D7670Fa5E052B1Eca1b,87,968
0x155a4cD280f5c88d138d31001a0997D28a80004b,88,1322
0x93702B61889fFBb8e1cBAD9d165a13F6B9D1513c,89,1670
0xeA49A899f27840a602E973c9422e5FFB358BD5cD,90,114
0xE1f65F0DdC32993e84148E8834544D460aA48183,91,1567
0x349b1e1216b18eb4F05d3513EF0834cAcBAfDb9B,92,641
0xD1f6755C559040C2aE42FC4BDe7C46C6C6321564,93,1251
0xCfAb588257bf17C2a5E4AD6A06F1Ff462fe15272,94,2818
0xDC77e69318c60cE718597C35513F7b3F7a7df1b9,95,684
0xA76C66502F952912cC3857dCEcdDfA9b37b83935,96,777
0x0D32F558475B651CD19b3E351CE450323543ECa6,97,1536
0xfCCb5a776195D90e3df903a1b2590bc0B058fD17,98,195
0x3091859D9d579AfC917d8229F4433F68c7F9728D,99,585
0x89b48b53b24a47dc95B4643ed2DC7d938f0a5F6F,100,2146
0x51C6FD84A9e38E4812044EbAd5110Fe518039652,101,1699
0x5bc354544479f74D5919519d3efa7CeBB996c51d,102,1804
0x1B4d04BAA540174ef86cf0Dfa3F3a1A1ddD93360,103,1521
0x5c10595531047B3F634D1A33384dCD33Ea691C7A,104,1556
0x3CcD8b10165d1856b67D7fF93DA2A9717c4D1deB,105,2713
0x188b8c832a282Cc92813034219C3b77BaF3e54F8,106,2363
0x43a7bC0B71b1738cc3Da5824482a1CcCdC911464,107,1213
0x657600aEA15255bF9E0FbeB58F31B730Db0E3dbc,108,1371
0x6FE0d6f5a47E2edD4cc89C31b0484b721B3Be6cE,109,149
0x188A677F94cE77A13f847eD5dF9b6180e6BEa39D,110,2949
0xc56dBc8AcB0a9f0bf710662010cE78Ccb1F76BfE,111,2869
0x1Ca1413c468d009281eaB6b20fE44dcA700479E0,112,2068
0xc368cd5e9744C13B497b76E0E9c345475B43039E,113,2517
0xD4B3E80Fa368C32Bbf5F01F877e7E1d52E384097,114,1767
0x74EE45C4d47dd56E3Ea0420441567c2bb36f5F94,115,603
0xff63ccE945fd318D9a1cC221DF7A303eD8C9a47f,116,849
0x8105573f6C658fCCE515F5269d36DDBBC66D7912,117,1425
0xF6D66F82FB4EfDf692dfa2CfAfbe2B16B33370E4,118,2124
0x1c60Fb2aF7C79EE54a23EB835e4c9F8C9c304a4a,119,3245
0x2B400dF09d371dED66e0C2338E73d91966b6E49f,120,181
0xfC154AFec2164110aEc69D9959f7Be94d982cf46,121,1253
0xf3437864Ab036586a95fD2F09135f4F181B54F4b,122,2869
0xdB7286b5773B9cA6D4ac471589505D72C163BbD5,123,1033
0x3A671994735D1AFaDfc469cf32258C52c34B8F18,124,3372
0x8dE80F992A4bc37954578716842E10565A4Aa40D,125,2375
0x8cfcF4C931A48DB2299c46eA86569CB9FBF2C909,126,538
0x28266AB80A2a27336Db6DD7e8a64A5B620BF1F06,127,2714
0xA91E7f8dE71D97fc3F9F15f6aF99b9DAA12E822F,128,190
0x8831467b098414A813cA47fFF53D4B909e076d0c,129,523
0xb3dF4795516341c9E47E9129bAaA1987760Ce0e6,130,1308
0x8B2ECADc9aAF7E59A2cb8BaB59be4EB2912Daae1,131,1130
0xa899fC1D006be196fe38a2930ceD0c582380D7CD,132,1875
0xf2C406bA7E5EC221D5fBE9b5c30A91C8B4e16eDc,133,766
0xc4EAa804cf5C6BDD55bd286DedB7a4F8A65d3599,134,3502
0xc904448C66edB642A542B47685eA35dEE89bCD54,135,2029
0x462Ce8085f7FD4317a253528A5d3dCA15DC9a169,136,1820
0x259F7e280658B14657d6b8eA4eB324Bd0d39d392,137,2781
0x1280A46Cffc9e419045eE04a45ea75D8742662e9,138,1362
0xa4e7bc5793CEDecf18d50ce37dd54B20D96f8696,139,446
0xB6E108e345afacB3b5Bc5F841Ad4243E2e5c06d2,140,753
0xD2cA80D6862253D85A83342C3038705ec9735B11,141,1067
0xAA8D295411B15efc178f5f151CD7Ee7A8dBF2E40,142,2509
0xCA5363cCB19d8cF994005ae66b2273e2BF60D0ee,143,2234
0xDC92f732EdF5A76539F914FEB606150Eecb06bC9,144,4278
0xa6B7C7A23a661864623c9b5377a54e8E6b96289c,145,1600
0x387474A0586361309e02570DD152223edF0da249,146,1516
0xb77d2D9da491F5bb4327428Be2D4bbd24222698e,147,2805
0x489F1F12ea54CE9530C6Ae36AC032B74Eb43b81C,148,2862
0x198Bc9732Dc9e381f1F338Fab80dA5eb1eA4400d,149,3706
0xEC2CCf3c1ADd9221cd67E02F36B64177Aae2BFaC,150,1619
0x4D1810AB61b592c2C713FE559857E6be06c934D0,151,2834
0x801766DD0Cc8F14cAAE0d284A04C028A796099aA,152,538
0x041C45acC3A640431D4FCD0e05C33e27F9E63d03,153,3152
0xd2a30f39c1999a082a80b6EDaCd7251a45E48440,154,2103
0x3CF839C4bC726479283d9535613Fc74815965e1A,155,429
0xd7Fa7E93cD4c736530e691Ed12d16F48821Cb7f5,156,252
0x3B7bBFc5E4d2Ff7fd2Bd4119260D0420f6961f30,157,2075
0xCae83bEd91b1Ea0C3b96eAD61522FA531ABcC241,158,37
0xDCE6cE042CE016b0c8b47C6784532Ce6bA312915,159,4005
0xC1f6Ae80032D87D7a527086602a257e4e6E7a3fd,160,2152
0x1F99386FC760296a4AfAb8c01EfB101fc6512684,161,1540
0xD70606C47776e462DAB5248546670b721F0900Cb,162,4389
0xb220556D93806E6bFaF99a6eC839D5D0360982EC,163,3009
0xa9fb65cB9A179662Ac3ff5AD541781FC04E326a3,164,1877
0x2F705Fd04B96247B7DC69354Bd35AEb7Cf0feb25,165,3692
0x231B12c366Bc317B47bcb29c3dB37487607e898e,166,1304
0xbC44fE4752fD47725840BFacbfa10f5b255b60Dc,167,2295
0x3E55C6c420fF95A31f00990De1adFa22cAA5aeBc,168,799
0xc442700ef1B0764EdBCD7ACdc4f51A575D24F004,169,1454
0x77246C9645d731781AEc19f23D365b00F875a9d1,170,1473
0x158aeF283a11C8C1732562a6B354eFDa78602d24,171,993
0x27d1F7d8D5577182B79690C0e5d7e12C43Ff263c,172,3085
0xdcD6C47117275467BB984e116696b4e9A3f4a7ca,173,4394
0x49027d5438021d15e6916BF2e0AF25c89DD6E852,174,5018
0x2E5D6CE16f7fBcF9D91A1567e2d1D22986e7fe6C,175,1025
0x3C9f1642d18B3a70Ae227b84735F80D6F9aD43Fc,176,44
0xE1f9DF8E05d8fcFD5FF0C9c329D82C91c83e3e7c,177,630
0xB65183a044817E8A6254c8097eA40735AFc7Ffef,178,2877
0x01F0BF11c6165Be3eCeAEBcf4c197543a7E14FD9,179,2829
0x513968CAe5db9DcFd267F75781c05cA47701d2a3,180,4490
0x658cae5F4746aFd92C2942B18A9C0848F1186C48,181,4456
0x8D07D00BEA83bf4E5eb007Cb7a6B2c0556C03E81,182,3699
0x2b40BA8Fef27136A80445D3A39f22eF71AacD76A,183,4919
0x20cB53a65b6F350313af5258856f6aAa4bE369a7,184,1362
0x9382a72Aa3628CEF8eEC89E79551006B5682f85E,185,3807
0x1A5E7Fa816025D0C8EC12e3858FB7E8ef9d98d09,186,4371
0xf10358B51458B680F89d4474b8B3776D18f460eB,187,5470
0xD5E31c6c15bD8613700a4d816473f73b9E8A9f45,188,3707
0x825136A74b1F43c661d40959b642CA7B2ae4F3b1,189,5659
0xAf8655f9eDBD488348Ab892C53B494E3F1FB5988,190,2139
0x681F6441C00c2d3215c83898f0AA63D4Cd414D99,191,733
0xe5B398CE1FC75e5046090550198a26086deA4A6E,192,996
0x69B4E97feeB133C9164345a15f2fBd76B9A46158,193,2183
0xcB6Fb3a2aC72795A06C6ad95E4215FF0A7D889D8,194,853
0xF7d8e5d948078754e93241402Ee28505eC9E0CBe,195,4776
0x2705Dfa02DFCefA634A413a7098707Fb400832AB,196,312
0x3ff861de3bd0b172B7c40c30c26eeD9AfC1c9E08,197,2742
0xFFCA15FA19106A22045eC11cAA317767E7E126a5,198,4650
0x910a6903798FB15FD939F21Eb1af900dC9A7bD83,199,1529
0x6494b9E68b0bD1248c832C3deC444Abe6C251fFB,200,5496
0x0c9CA20B69CafEF4eABaBf7DFA7086d5ffC7dE25,201,3867
0xF17086Bb6d090919C1dc0606c889903BB1e13F70,202,3485
0xAb5d6C6e5a66b0E4d9fFc4eDCdaC0E8E52cA0606,203,4282
0x2f7F4151C8deB4Cd8BF780B553A7D5ff0fEA18dB,204,5588
0x9aB46DCf8dBF9925DD4270497Eb3C6C2B4CD3D83,205,4073
0xabf3129AC336fBc37cB0dabC207028d38Ad0459a,206,1217
0xa9AdBDb8657bAF95F9fa70E2d4858780fCd5e7E1,207,1889
0xB4ef944Df2650E42AbA8d32899EbC6e0cdC069c1,208,2763
0xB2d128B69E68C5b096fe16a9f46D4E9a88c4016E,209,1189
0xF2d5989c81F5e33D6b27BfcD19D2C9312e00F287,210,345
0xb98373e5845400Fed3F51230eFFEaB83fcE5385B,211,2211
0xb161f1C0eC3706f4c51629D23B94609a558Aa167,212,4541
0x0839fdC38B8dE0ED0c53e7ee172B6aa8106fcaaA,213,5856
0x29a0dcfF214aE734b1Fb0FE310D104F16777e426,214,1480
0x9B9Bf6983c0Dddbfe01f53242BB61ffd33298442,215,3125
0x8231C8b1a72525c2657C1DF253932E07A8721BB5,216,2349
0x7D945bF02810b57e2BCF875BF2274F0d1e02773F,217,2035
0x20cE5c14D350DeDeE9556E96759ab7563bcA0051,218,2088
0x020E04d492E02B5470DDbe8941822f42Ef7a3440,219,3344
0x6571b3FeA79804275cDbe1BA504A51fEE9A2Bafd,220,6339
0xbBa6742CE87a9b7dE5642d56827d17523b1299B7,221,4327
0x0b7336E62b7F425391b85cE46A7A275500eb2b1c,222,373
0xc3Cda7F561e2f5842B1787092025586C1FC06E40,223,5232
0xAFe7933AF9Cb5E36C86F26bAA00608F337276E6F,224,4427
0xd4BC3aF3a2202C2A920ee4EDcc7E61FceE7F5dB4,225,2227
0x0fa87DB1b0F23E3F18c6EA6E9a67BfB85Ff739Ff,226,5454
0x043b5A2ec813AED6a6e4DCFD1dcE3Ed35CDFFe80,227,3007
0x8A9C493b7d5A1BCc7e6F3C631fa071D444316706,228,6061
0xaa4224F9f9675eFbF887d91c26905599c6b4AFeF,229,2682
0x6c1A9f1C139DC41A72aCdb3c668e01b953A43035,230,2676
0x6Ce15d7B84D2d5A970d3D8819059fBf4c97352D6,231,5450
0x8fbD16C8357af2c5446271B87A4655F920F9F57b,232,3949
0x261F78f26a136Aa32d0d0d4dB4041D88Dcb2FF7E,233,3260
0x515C992A47425a24aBc5f456b8e1Cf12C883Ce9D,234,5882
0xF006af774203c997Ca73D552D8C7FB44a7a12882,235,1365
0xe657309802bC48b6C46A6ecCdeAc034288eC7F37,236,4007
0xa37Ab05Ded8451A0357b837858464823138ABBF2,237,1730
0x82303CD9C205b5c30E807280748acaCC632db43B,238,3495
0x8c4940a2669696Ca53036323A9b25C94d0A6B945,239,2065
0xBfF92C5ceF2460403d3ee22739e578F1cf44A5Fa,240,3548
0xC4fbf705b5c1F3145bfFAC706a3E6085Edf39e32,241,4723
0x86f841bE6b3bb4115bA703b051101218573eA092,242,198
0xdb4b700fb76e0eE3d1fe4bc58cD0e4074ddb8d3e,243,1098
0xD928d61005d9361377D28264C438A4889AC93FFf,244,1230
0x2fFC19744D66E4761FD3B6E177d1934216048a92,245,1824
0x898D6751D09A3209EeA73bCE9B9E89ab1CD8b098,246,3642
0x7AA0E7144B9832a0b5e96c8ef6E74831d46dF3A3,247,1278
0xdaC3F5bfa07D9FDd7ae98fA31b7F8843F68e00b5,248,4752
0x17080F2014886AC758155F517a9eC0dDBDF30B6F,249,5852
0x63B588B31AEFabb3A1ef8B677c25f92bCB3Dd426,250,378
0x5a76088375759DB0473b3453c2d38bc463d7a264,251,6032
0x1f71E9A739eB469a12620ca0849CAbA0cdf0596b,252,4431
0x0d248BA61302a891FBd1F8bFF75acE7B0CA57710,253,2598
0x83C3dE5003Dd084129f53c8ca906cA21bA50793b,254,3712
0x4600173CFdc27fb57Ce287576B06AD93a6670EC2,255,3454
0xCAC59209214f5812940DF8496f62051CA827FFE2,256,6357
0x63e48592A66189b8aea93F8897B7bBC15B1FAC5a,257,4189
0xeFD731ba629bc439D8ffd000c7c0b7FDa86D29B8,258,1155
0x0361B6D7cf6b9536dCE41CDC030Ef8348BBA4528,259,4526
0x382405DD705FEeb201013978669937537faA3e74,260,6554
0xeE7b0d2b3CFC9D538a456ca866e726df8F3655F6,261,5394
0xdD7F2faD58371720a6C23C7Cf39cC4106a2AE050,262,5621
0x39c0Fb213877b5DfA5b16567c5b117fBcf591717,263,3590
0x74d3Ff9430CbaC225a53360779aDF933d9eee7dF,264,4654
0x9e2bA5e9f53ee3374969AfbA33C07608E12B01B4,265,5797
0x3ABE649F6c62714529b62B4704fB6ffE167bF91D,266,4465
0x2603d251487f762C28dA7574c4532bB4f045Bc35,267,432
0xAe3f4e8Fc14A082A90D86b87C0f43E582155D6cc,268,3885
0x6a092089D678d432190aDC1cEfc51fa365D2D3B5,269,1279
0xa9A4436284B11422582Cb7812C6ACfa7f6EECd76,270,4215
0xe41af49dCB4002C376d9E503E621C5Ad34612B52,271,7874
0x84a7952640E72AeAB1C6ABa0C393dec45A517F52,272,7314
0x41a54De2A1c6621FECc4d1F1f2fcBa2c4900F492,273,7395
0xca7A4824dAEfA3d978dc02Ad697037E0d9cBC77e,274,6659
0x0f8e06741cebf062e99d979664ACeBa8eABA6CFF,275,3800
0x830e3bC912904Df758B894bD18455e9D8E960127,276,2782
0x370BF3B2c5F93A9eEeF6879ab52F6E26b923fc3a,277,6094
0x16Cd0a5e1352C333fe8d0430C391D806c3Ef1D24,278,6036
0xE5B956F62546d929ccD0a74DdAFC813c1368FEfB,279,5628
0xCD78bedDed0C9A95dB75633F38FfcbE73CB64AbB,280,3847
0xa2caB6E6F773AF5c3CAe9c51Ca728947072D1870,281,1218
0x0f7B3245220FB07A2a0F960C386a641ECBA8f84D,282,3397
0x083193eFD622b64Ddc13b7851d792c5B87652BCb,283,2554
0x9E61Db72a61155cE5D94260374de8646dCC48649,284,1737
0x127969FAcd333748dC5A2063c5D45B36c96dee3b,285,5298
0x4EB43da906B8c3904537BE8d7942f601a5215c2B,286,1730
0xDf4888492Df0735F18198254e4d188424Fb27184,287,1489
0xF82F9C4785C6a156c316b321948C3591eEe2d08B,288,6735
0xA84A59c055F048443532DB6BFE8F43B9E82dA3EA,289,4466
0x9C1ed24df2a8D0d3946031d431b06eA1290C3cC3,290,1084
0x7907373D312153620C3C44B9B8e41d759B3a63A0,291,3301
0xe16d28A44c85f773b94fFC97B3A8D01576e126bc,292,2424
0xf27eec96EAD4cF9D46be5EF9D2fc28F575c4Efc2,293,8506
0xD0Cc0f550F5A193284fFe13Cf0aeBD9DaDcD42b5,294,235
0x381681912dF96DB49f26a8Fe09C8e46a21Fe1a7b,295,3400
0xba4563744F4C40fE25A9ea0Aa13803b54745B52B,296,700
0xB756bB39629e813CCF0D12aBA86557f10a880Da9,297,8834
0x3C2855922A785ed1C0B948e6B7F5f5f5fe4b6746,298,4111
0xBE8f96CC0a9289244a4b40320688685e5A4B0f75,299,727
0xE730B014B21Af1aFAE4D8fD700E53d75afA8D2d4,300,2820
0xf1bcb66Ec4d35ef41BBB1e441354633660128343,301,7746
0x6B0b2E4B2d11676Ee7beDd5E645B3043D399fbc9,302,1319
0xD3454787f676Ba03BEF07C4F25a8beDa3edBE69c,303,7792
0x6224bEe733eBB62E985DCd273172edCc02BD3A90,304,2792
0x361d5ABde784E92DC84ff3186B4aC28F7f54C266,305,2679
0xcf2141D5b1508bA87f2B147968b9f9740199aF01,306,9102
0x6B4E1e193514c7368dFd7BB9bBcb25b87f101626,307,283
0xF4C8A48ce5577C94b03bec01EAc52bbcCC55E253,308,1092
0x7984DC593D776C5BF3b8D2edA18c0F7dAFcC73b5,309,4538
0xc38b800aF7236E35f4ec0dA6e2a3a98C4bBCEF2d,310,5507
0xd998dD1A3b8DCFbb7d1412a06f92dbFd13052d5d,311,2012
0x258625fd0D87a71293fA4B6c5b5c2C1bac650309,312,5772
0x778874464e4B4BEb589759BB1bb3d0e90A78BBb6,313,2443
0x231D01D5d85a0f507A0c1b5f3A9f04692d34ac58,314,6994
0x14d9b2C9C5d7c0456184E351e7c3B4Ae84cee48B,315,1857
0x65f36A79972612B368755178301E65De94080043,316,146
0x6DE9cC7Ba97AfFe5e4D6e316D19F88C679167a07,317,5756
0xF3498dc1DDEa87C972B331D69e95bCde080091dD,318,5774
0x8f96381C8c7509bdD4F01f3D6b3364CE30ffAAcd,319,6874
0xbf3732b7D01cB1506F5AC4Dc75832d23840798Bb,320,8379
0x37892Fbe948E2e45B82ee47C2727970D21D8a989,321,7504
0x29c3f0E0d8dDf4c26B8444159618Ebd7079ab12d,322,7310
0x81880E83C47b491083efcBcE050777b972c7D371,323,1767
0x525684A241f849073Dc376834c023D5aDD32E7af,324,9185
0xA1522bedF9401Ff6003712CB798cE58d10D0D0b8,325,6077
0x636531aBE17f2fCF5fD0B6909ae0Bb810384F8e1,326,7388
0x860B0ca7c2888bD38DF1284AE3a82BC9ae69f0A9,327,3983
0xCeE3F72f4a865A2e40679Ca197CE9BBe1ED5B5aB,328,1350
0x28D9c488F200244b2FA9113ca7B85eF0891Fb006,329,6610
0xA53EA5Bf555ddB653F3Ea786699538CD4fd636d1,330,2936
0xDbEdB8A917DbBf0696FA1a51D29D8bC2119F46E7,331,2338
0x4cA949a82f1F90adacA7ef908c0beFD179aB80ad,332,606
0xf63B5CC4cBe72c1cAd102058A2acaD2Cc7d4c3e6,333,2125
0x664912D0Ce6f3BFd84fF01D8152651A390a00520,334,3136
0xCA03b1cc94F30DE6763C485D7B8d27b712a4Eef9,335,3843
0xe0D3D446cfbff282A7bC15c0FEa4D412045c2378,336,988
0x36792f29798fD894D2C98DD9920079284259afe7,337,5782
0x3fa8b43a4700627a93De70c8B7d73142d80dE474,338,1283
0xaE43BfB9EcEc30E9c90752F577C97Cc018718899,339,9355
0x24F0fe4578dd6ee9fa3C608b60C55829c60F6E5f,340,634
0xac6D9a45C68dD344E728c7401E0D05929BD22311,341,6390
0xa4f44Df24FE1709A646F8619a85FBF52Bda48BDb,342,9544
0xb3c64F300Df439c21f43C734A0D1cB3ECA12deDa,343,7483
0xC3d332d8618165D3C95Da7DBD003F6ff3143de8C,344,2470
0xFe37Fd4Fa0aE99fC7fe4604EEeB097B219dAFf09,345,7770
0x9b5227FA1265026862E02b8Df49FF9cd8B9620F4,346,5828
0xc1f06A1e063a931168CBeD2A18Fb69716fF30925,347,5828
0x6935D4b3e4A2FAEDE150E0d2ee44AcC53C775866,348,1197
0xC55367A27753AfEad0F1004E7A35667b25e37CeC,349,858
0x3dFf51bc400FAB073dE4fBc3b8a2f5CA8A5979eE,350,4685
0xf0f38263AbEcA8603d2e0D48A930748C12EF5176,351,7399
0xE9dB99A8900B52aF596d04ecF3736c0c789B232E,352,4950
0x8C38BE13b6854170FAA1bdce6bf7f41451236d0b,353,6751
0xBa39ce63B4EeA7ca461304565e826772689C331e,354,7395
0xAB44Ec127FA1dA1F52ba5CB0372057Ec70bE6035,355,2773
0x33d75435B51ebF6b4345B5fDf62D09BA51c0BF33,356,3430
0x7a8D152412Fe96C26Ab87790d5f8FeA2AA67B2ca,357,1212
0x15C5a51e8CBFf897Df550d265fb2D12999541d85,358,450
0xc1851e301Ae387ab0eAa63B8DAc00222dB7df69B,359,767
0x7159F936Df9f8E272d06C4d6299D8EA88d31E35B,360,1636
0x70BE36c3F74aaE7FDB9C2cb0F4815AC36413DB32,361,3425
0xFA30a60E1785981593F381B57614b82198B2b2EA,362,8983
0x29e130ed46aA15f461a79Ec799138E7295143CeA,363,2948
0x2a5A801096a1722dC511f1841Ca848F3F437c42b,364,2222
0x81B10F01E42f5Cbd11394bb1e54250720bDFAe34,365,10321
0xb8E0ca6cC3efC7b3C5a3B7dD131faDC2fabFa185,366,8287
0x260B4c66D4CfA82322b6e30c84619773b45CBC91,367,3348
0x9c4eB274d935B0cB076efA4a2169dfDCd2D4c446,368,871
0x93D4a654B283cAb2fe29c0c59e03DD55DEdC4af3,369,6856
0x9A74a49fa950FebF2474062F1E0D6D9ab3977de3,370,5059
0xe114E4b6Dbff2f849A2a9D2AfD468684dAe18996,371,7853
0xd4f546410Fa29cDc0C20A3F85a97b04C9fdf4b71,372,4841
0xd68C8A71bC275dA5B6C49E746a9Eddfc84afEcC9,373,294
0xD215C3cA1EaB6B0797082E70fF2113D43d362CFa,374,11008
0x5A793729788367B965294c225E775EDd5E806A73,375,9238
0x2133644CAefD7288EB70Ee16042368e6635a2c40,376,5153
0x8485d381ee8714AD4465D211E54fF8Cb33eAe55a,377,6974
0xBc18D7Add17b54c5Cb533EfaDFBc36eCae2144d3,378,9231
0xC0C65F9106D3B563D1F7EAD33f77Da9f40fD9344,379,7018
0xba353b6430440cfAbb5Db73f2218edDCE64bf2A7,380,816
0x4E265879f6EfE09D83c9644caCCeDf289b3944a8,381,8509
0x954e909cFE5192334f6aba5Eb80d2637B842ccA0,382,6965
0x154734182C40C01dE265E8D7B7d9Abd64A8dFC6e,383,10175
0x7beD00Dd38a247253CC144770CE0Faaa72015DAD,384,2748
0x08eA239bec5b30d486D26CD0936A65d42E0D3d83,385,158
0x9A265db55bF76970A9dBA75316C82BA1d53c1cFC,386,10991
0x7a46A2F6B1adff6FA90638025a51E6F74E3CDF5d,387,6544
0x4F33C301EE74777bE761D6964708c491F6d6c5F7,388,2525
0x14d53f92920F54849DEC3A38DA7dCCCB3325Ab33,389,7988
0x39B7e6Ba0e1D5DABBeEC65bcD439f03Daf9bd1E9,390,8979
0xfa93Dfb2a7B30Da86B3018998D9e170f27C1C329,391,9389
0xad8A48433375322Cb4d7a4A148E547769542805a,392,9842
0xc760D5cE4bAF61eFa96Dd0e8F166899C1E63Fbe8,393,1316
0xa314e225DE1eB835DE4C2c3b7D1b30b529002aC4,394,471
0x49d3d52692187397939193A9034BfBf0Be76eD26,395,7048
0xeDcc6c4477570811dB3082EEEdaD109237CF420a,396,5296
0x18c9AeDbad50dE392339BDbD16B318B8502036a0,397,11055
0x6f18de6cF8eBA9573e18B984C1e6e1ff0Bba86Aa,398,9291
0x72879EEB5a7733354Dd09856A215bd588416A0Ac,399,10702
0xcdeF2724De500D761C28236F65019bB6C32A1a2B,400,10113
0xc3F9a106E3Ea008c3496Cd5777f841c5eFD9BdbA,401,4459
0x51fB3ADb4Da509467dbDff4B652b64EefBD7E772,402,482
0xc4F4DBa5911D008801222C05FCD99b26d7ED5f2c,403,383
0xBfa4fA944d22Dfa65bdea0bfdf9950708535bAC5,404,2151
0x46324Aa796657b0159438c180dB2DbC421Dcfed3,405,10291
0x9b92cf1E56674B0D12952baA428ad86ce4e9Ac6d,406,331
0xBBDf81E7AE61AB2983711931EAfb509c6a9B97a7,407,1642
0x5c4AaBAF4Ec26475C5FED1A5042FcEeA403bF9E7,408,9285
0x46Cea398eCa01B29dc9bBbdc5141DBeC79c472D9,409,5441
0xcDb8bfff3469c7B0Bd72D28112BB785B1EB23CE9,410,3885
0xe5543a0f8ec40A73E6735a17516d34D1DE997077,411,5851
0xACb795F2BC8200E7C37C406cEf94CA54C8d159C1,412,10944
0x8f3fb432f74d374751DA36AF29fcAa9c246Bf528,413,9977
0x60CBDebC0CBEb478B0759C059A357aD5956f49D7,414,11169
0xf8BA452AbFb665807258E5dcb0Daa84fEa9BeFfa,415,2829
0x4Eee5F61cc2cf50Abe80838fD9a390f16fE93019,416,8583
0x9663c6A8Fa7A04596Fb8c8e26dc73b82000bCa42,417,830
0xb805357664BB197589032d271c0A4Fcce460Cc6D,418,6854
0xe5EbAB4528152075E6416Bb4eb10fE4Fd1690e45,419,10928
0x128ECC9FCdFcBb2eEAfF21D581289C3ACf6ae836,420,11629
0x1919d715C6Cb28Bb6d5506127cA66313EE2a4296,421,5744
0x65cf2AEf19FE37B134f10154F7A36CaaaF7991b4,422,11180
0x1788223b109471eBA00D7c651059E622371113eD,423,11565
0xEfC466B334cb8D59ff3034668f3c50cCC996D0CF,424,12530
0x76673Ff9Ca8421d3b3feaAee23ffD58f19bcf053,425,11894
0x837CBabf804bce2745bFdAB27d6461d819e05b34,426,5620
0x682F5A1A2220345a677dc012f2484DD0Ef518b53,427,5074
0x6827b53c150eDdED73Ff0Da1d802e814e65eAd70,428,4955
0x3919d2a3FaA77933E1AA5554eB8F663294372C9b,429,1570
0xDdD3a685E75b3180EFF270dEA3D1aBE542fb79c4,430,8663
0xe61102bc0266afF3d9064837c25c87975184DeDE,431,8875
0x28576DA53a025f8FB5E2faF520A4a2c5e63A3f1C,432,5416
0xd197531004399FE13d38E67d84f438Acc2fBc124,433,7926
0x0634E2d3fa16c0151B5a01762caD730947d66Ba9,434,8962
0x369e379008203b9b48b9E0Af83E80FDDDe6b17cc,435,9951
0xF67fBeaaAc9fD56c2FcfbD2950fA21F47255E346,436,3263
0xAF7cc1aAEE7160Af4bc8A9981c917bBe16872C88,437,1052
0xAbf55d9798D802D2882238D8385F14764b63dd67,438,5427
0xE616CFf6AA49B7c5FB1A9f7525cEC2C76830f4DD,439,2070
0x07eA966301294c98940AbA3F58ae9506DaF7d223,440,6189
0xc952106763D06aE23cf018449653d7c4F15857f2,441,12160
0x1ab970D545635C3598d9b8216229d8BF906D25e2,442,3986
0x4A31835b8bF72ca4cef477cbdC7bCcbB6e46eAc7,443,1402
0xE5860e87C7886c717E0d017C3eAF2Cf0060601ae,444,1269
0xc8560fEB3D902b564de98b104479E6a5A6455A80,445,1775
0xDD4909aBC89CEf6E670BeC45535aecFa9846Ee3A,446,7562
0xB46aee8561529D935a6c7013f90E5f416EaD76a6,447,7496
0x443E74eF446f94fBc23E6570D0C49b92351Ad58a,448,1554
0x7205426551738c532Ebc1d44515a0aDCd4426727,449,10578
0xaC0F205E71c7ED24582eB69823827Ed72A8d27e4,450,11587
0x4A8EF9cA4c224b04cF8cf386c4F70b2173759a8a,451,7098
0x3F618D83b1661f1cc0e6441b267628E94699D408,452,10073
0x546221922c23EEeCa287Fb2Ab0d5596E6fC8977F,453,5574
0xFA7a4570f45f71CbF5738000d212D5B00c78c88B,454,3075
0xEa8C7097d1a52E46Ef37ED722B5AEf701be678B6,455,4500
0xA50661965047fE663dFcD728838ceEB352ea5CFC,456,11255
0x70cbB9d1e7d15E9107fe7d14b987c68De301a789,457,7627
0xB262471f3DeDCeF23E7Ae34D9CE49E991BDc8cce,458,192
0x8c75231D66491c631C3eCf5B1A5a7330171eeBd3,459,12439
0x27356A6645e3a3F0CD6C1caE2384B9b9Cc6641A2,460,8543
0xc2e9cd13fC19487bdce2f973b77BD6900ABa529D,461,4091
0xfa2a180D619d692480627df88896B29C82E619de,462,13106
0x43335bFfF4214B17418e1C133CE9A100FeD8B2cA,463,2250
0x1D817ba3344e3E7265D3808Ee4D273fE07228AA7,464,5325
0x3A163612EAEDBF0562C7aD645dE3b9BB3186DbE2,465,9295
0x27fb2DF605117b65E88D1070929931386BB84AF6,466,9251
0xAe8668728626fbeA2173322012c6EcF635AfAFc4,467,442
0x9413Eefd009081068D221C6D69574545a3277923,468,11446
0x2A0FF1001F1aD2c64F815Ec7253949A925aa9E1A,469,1160
0x319fF1518eEe10D056A95836F4a4667a67C38aec,470,6767
0x94C84A838a34B305FF779ec97E5ebb391e11Def1,471,643
0x0E592D7411BF4b4a2ba5B2d881b3BA918c1b7dde,472,13562
0xF0523c359E5d0CA44029682456eceFd2CC3eA362,473,12359
0xd8E61418282d984B90e87d692De24F1685C32b57,474,2424
0xaE80a312968bdf482F863A7B28Ab60d90E1bC143,475,6917
0xb50D9cE08772D074d47311d8F2d001114F75856b,476,3662
0x01EF3641a89ec4c8AaBD18960Fd0494A0b7B969b,477,645
0x4Ba4c40c93F2f971E0B947c0B1d9302646D52345,478,14312
0x0b1277ab8efA35657C145F7d1d665ACf73a45Ca9,479,10552
0x86afdf61076A3D23A1Ad73D5044521329C08f5bB,480,13807
0x517C5f35099DC4D8a33f1E023AbDbe16dEf3F951,481,6126
0xe60769527418B0e079B1B0B5c99c2ACCF573B358,482,1408
0x2E5DC25a9400e1e341c4e42eDF278a1E5133f8f7,483,10953
0xDE34CD1eC8a91a4CAf42Ea462A0362b7Ff1D065A,484,8437
0x458e3D37FC12fF2c47a9247B87CFb543E8302958,485,10657
0x41cF8219B08800b2BD9d1D623FB6A2a9ac456995,486,13519
0x274F7C16eA74Df7c858ac79179102B2C79CaD045,487,1847
0xc6d1435e225D06D6b031FE8d2c6519665A15e54e,488,1991
0xe8733Aa10d08CD33881841724EADe86d8f643F0A,489,8343
0x1C03Fb84D0928C9DBbBbE032DB34FF2d1EE073Eb,490,13053
0x17929D446A8668ba7Fa39a1Bb2eF50b962b08462,491,1326
0xe7eabC2947AB7De78312d11dc67D1f0deb5aABDB,492,9705
0x4F9397085eba4d95CA6DD39F668E0BBfd6878118,493,13909
0x60552E31917CA106F381c41eB88B62a9a23c0d49,494,4793
0xDd799c69C856c172B3c4BC2b12d24b2FB252dD01,495,3192
0x3E6CD265Ed4C9E9B6241f6204Ee6B2A39B05bB7a,496,6160
0xAfa4F7F4Cb0392b9d4d067A76E2c7C93b50dEE2A,497,10971
0xBB2c68Ac6Ee7527a5Ef683FEa0f076Ca5d13514b,498,1131
0x43D5d05Facf993D3A2C25b0Aef85AC304c5120dd,499,7299
0xff798e31D86B2CEb4F1605D05464370Fd317798c,500,4180
